1,NGS1_20170101G,sorted_NGS1_20170101G_S99_L999.bam
2,NGS1_20170101H,sorted_NGS1_20170101H_S99_L999.bam
3,NGS1_20170102B,sorted_NGS1_20170102B_S99_L999.bam
4,NGS1_20170102F,sorted_NGS1_20170102F_S99_L999.bam
5,NGS1_20170102G,sorted_NGS1_20170102G_S99_L999.bam
6,NGS1_20170103C,sorted_NGS1_20170103C_S99_L999.bam
7,NGS1_20170103D,sorted_NGS1_20170103D_S99_L999.bam
8,NGS1_20170103F,sorted_NGS1_20170103F_S99_L999.bam
9,NGS1_20170103G,sorted_NGS1_20170103G_S99_L999.bam
10,NGS1_20170103H,sorted_NGS1_20170103H_S99_L999.bam
11,NGS1_20170104C,sorted_NGS1_20170104C_S99_L999.bam
12,NGS1_20170104F,sorted_NGS1_20170104F_S99_L999.bam
13,NGS1_20170104G,sorted_NGS1_20170104G_S99_L999.bam
14,NGS1_20170105B,sorted_NGS1_20170105B_S99_L999.bam
15,NGS1_20170105C,sorted_NGS1_20170105C_S99_L999.bam
16,NGS1_20170105E,sorted_NGS1_20170105E_S99_L999.bam
17,NGS1_20170105G,sorted_NGS1_20170105G_S99_L999.bam
18,NGS1_20170106A,sorted_NGS1_20170106A_S99_L999.bam
19,NGS1_20170106B,sorted_NGS1_20170106B_S99_L999.bam
20,NGS1_20170107A,sorted_NGS1_20170107A_S99_L999.bam
21,NGS1_20170107B,sorted_NGS1_20170107B_S99_L999.bam
22,NGS1_20170107F,sorted_NGS1_20170107F_S99_L999.bam
23,NGS1_20170107G,sorted_NGS1_20170107G_S99_L999.bam
24,NGS1_20170108B,sorted_NGS1_20170108B_S99_L999.bam
25,NGS1_20170108D,sorted_NGS1_20170108D_S99_L999.bam
26,NGS1_20170108F,sorted_NGS1_20170108F_S99_L999.bam
27,NGS1_20170108H,sorted_NGS1_20170108H_S99_L999.bam
28,NGS1_20170109B,sorted_NGS1_20170109B_S99_L999.bam
29,NGS1_20170109F,sorted_NGS1_20170109F_S99_L999.bam
30,NGS1_20170109G,sorted_NGS1_20170109G_S99_L999.bam
31,NGS1_20170109H,sorted_NGS1_20170109H_S99_L999.bam
32,NGS1_20170110A,sorted_NGS1_20170110A_S99_L999.bam
33,NGS1_20170110C,sorted_NGS1_20170110C_S99_L999.bam
34,NGS1_20170110F,sorted_NGS1_20170110F_S99_L999.bam
35,NGS1_20170110H,sorted_NGS1_20170110H_S99_L999.bam
36,NGS1_20170111A,sorted_NGS1_20170111A_S99_L999.bam
37,NGS1_20170111B,sorted_NGS1_20170111B_S99_L999.bam
38,NGS1_20170111F,sorted_NGS1_20170111F_S99_L999.bam
39,NGS1_20170111G,sorted_NGS1_20170111G_S99_L999.bam
40,NGS1_20170112A,sorted_NGS1_20170112A_S99_L999.bam
41,NGS1_20170112B,sorted_NGS1_20170112B_S99_L999.bam
42,NGS1_20170112C,sorted_NGS1_20170112C_S99_L999.bam
43,NGS1_20170112G,sorted_NGS1_20170112G_S99_L999.bam
44,NGS1_20170112H,sorted_NGS1_20170112H_S99_L999.bam
45,NGS1_20170201B,sorted_NGS1_20170201B_S99_L999.bam
46,NGS1_20170201G,sorted_NGS1_20170201G_S99_L999.bam
47,NGS1_20170202A,sorted_NGS1_20170202A_S99_L999.bam
48,NGS1_20170202B,sorted_NGS1_20170202B_S99_L999.bam
49,NGS1_20170202D,sorted_NGS1_20170202D_S99_L999.bam
50,NGS1_20170202E,sorted_NGS1_20170202E_S99_L999.bam
51,NGS1_20170202F,sorted_NGS1_20170202F_S99_L999.bam
52,NGS1_20170202G,sorted_NGS1_20170202G_S99_L999.bam
53,NGS1_20170203A,sorted_NGS1_20170203A_S99_L999.bam
54,NGS1_20170203C,sorted_NGS1_20170203C_S99_L999.bam
55,NGS1_20170203D,sorted_NGS1_20170203D_S99_L999.bam
56,NGS1_20170203F,sorted_NGS1_20170203F_S99_L999.bam
57,NGS1_20170203G,sorted_NGS1_20170203G_S99_L999.bam
58,NGS1_20170203H,sorted_NGS1_20170203H_S99_L999.bam
59,NGS1_20170204A,sorted_NGS1_20170204A_S99_L999.bam
60,NGS1_20170204B,sorted_NGS1_20170204B_S99_L999.bam
61,NGS1_20170204C,sorted_NGS1_20170204C_S99_L999.bam
62,NGS1_20170204E,sorted_NGS1_20170204E_S99_L999.bam
63,NGS1_20170204F,sorted_NGS1_20170204F_S99_L999.bam
64,NGS1_20170204G,sorted_NGS1_20170204G_S99_L999.bam
65,NGS1_20170205C,sorted_NGS1_20170205C_S99_L999.bam
66,NGS1_20170205D,sorted_NGS1_20170205D_S99_L999.bam
67,NGS1_20170205E,sorted_NGS1_20170205E_S99_L999.bam
68,NGS1_20170205F,sorted_NGS1_20170205F_S99_L999.bam
69,NGS1_20170205G,sorted_NGS1_20170205G_S99_L999.bam
70,NGS1_20170205H,sorted_NGS1_20170205H_S99_L999.bam
71,NGS1_20170206A,sorted_NGS1_20170206A_S99_L999.bam
72,NGS1_20170207B,sorted_NGS1_20170207B_S99_L999.bam
73,NGS1_20170208B,sorted_NGS1_20170208B_S99_L999.bam
74,NGS1_20170312B,sorted_NGS1_20170312B_S99_L999.bam
75,NGS1_20170312D,sorted_NGS1_20170312D_S99_L999.bam
76,NGS1_20170312E,sorted_NGS1_20170312E_S13_S99_L999.bam
77,NGS1_20170312H,sorted_NGS1_20170312H_S99_L999.bam
78,NGS1_20170401E,sorted_NGS1_20170401E_S16_S99_L999.bam
79,NGS1_20170401F,sorted_NGS1_20170401F_S99_L999.bam
80,NGS1_20170401H,sorted_NGS1_20170401H_S2_S99_L999.bam
81,NGS1_20170402C,sorted_NGS1_20170402C_S5_S99_L999.bam
82,NGS1_20170402D,sorted_NGS1_20170402D_S6_S99_L999.bam
83,NGS1_20170402E,sorted_NGS1_20170402E_S99_L999.bam
84,NGS1_20170402G,sorted_NGS1_20170402G_S99_L999.bam
85,NGS1_20170403B,sorted_NGS1_20170403B_S99_L999.bam
86,NGS1_20170411G,sorted_NGS1_20170411G_S99_L999.bam
87,NGS1_20170501F,sorted_NGS1_20170501F_S12_S99_L999.bam
88,NGS1_20170511H,sorted_NGS1_20170511H_S99_L999.bam
89,NGS1_20170512B,sorted_NGS1_20170512B_S99_L999.bam
90,NGS1_20170512D,sorted_NGS1_20170512D_S20_S99_L999.bam
91,NGS1_20170512G,sorted_NGS1_20170512G_S23_S99_L999.bam
92,NGS1_20170602C,sorted_NGS1_20170602C_S11_S99_L999.bam
93,NGS1_20170602D,sorted_NGS1_20170602D_S12_S99_L999.bam
94,NGS1_20170602E,sorted_NGS1_20170602E_S13_S99_L999.bam
95,NGS1_20170602G,sorted_NGS1_20170602G_S15_S99_L999.bam
96,NGS1_20170603C,sorted_NGS1_20170603C_S19_S99_L999.bam
97,NGS1_20170603D,sorted_NGS1_20170603D_S20_S99_L999.bam
98,NGS20140601B,sorted_NGS20140601B_S99_L999.bam
99,NGS20140601C,sorted_NGS20140601C_S99_L999.bam
100,NGS20140601E,sorted_NGS20140601E_S99_L999.bam
101,NGS20140601F,sorted_NGS20140601F_S99_L999.bam
102,NGS20140602B,sorted_NGS20140602B_S99_L999.bam
103,NGS20140602E,sorted_NGS20140602E_S99_L999.bam
104,NGS20140602F,sorted_NGS20140602F_S99_L999.bam
105,NGS20140602G,sorted_NGS20140602G_S99_L999.bam
106,NGS20140602H,sorted_NGS20140602H_S99_L999.bam
107,NGS20140603B,sorted_NGS20140603B_S99_L999.bam
108,NGS20140603C,sorted_NGS20140603C_S99_L999.bam
109,NGS20140603E,sorted_NGS20140603E_S99_L999.bam
110,NGS20140603G,sorted_NGS20140603G_S99_L999.bam
111,NGS20140604F,sorted_NGS20140604F_S99_L999.bam
112,NGS20140604H,sorted_NGS20140604H_S99_L999.bam
113,NGS20140605B,sorted_NGS20140605B_S99_L999.bam
114,NGS20140605C,sorted_NGS20140605C_S99_L999.bam
115,NGS20140605D,sorted_NGS20140605D_S99_L999.bam
116,NGS20140605F,sorted_NGS20140605F_S99_L999.bam
117,NGS20140605H,sorted_NGS20140605H_S99_L999.bam
118,NGS20140606B,sorted_NGS20140606B_S99_L999.bam
119,NGS20140606C,sorted_NGS20140606C_S99_L999.bam
120,NGS20140606D,sorted_NGS20140606D_S99_L999.bam
121,NGS20140606E,sorted_NGS20140606E_S99_L999.bam
122,NGS20140606H,sorted_NGS20140606H_S99_L999.bam
123,NGS20140607A,sorted_NGS20140607A_S99_L999.bam
124,NGS20140607B,sorted_NGS20140607B_S99_L999.bam
125,NGS20140607E,sorted_NGS20140607E_S99_L999.bam
126,NGS20140607F,sorted_NGS20140607F_S99_L999.bam
127,NGS20140607G,sorted_NGS20140607G_S99_L999.bam
128,NGS20140607H,sorted_NGS20140607H_S99_L999.bam
129,NGS20140608A,sorted_NGS20140608A_S99_L999.bam
130,NGS20140608B,sorted_NGS20140608B_S99_L999.bam
131,NGS20140608C,sorted_NGS20140608C_S99_L999.bam
132,NGS20140608D,sorted_NGS20140608D_S99_L999.bam
133,NGS20140608F,sorted_NGS20140608F_S99_L999.bam
134,NGS20140608G,sorted_NGS20140608G_S99_L999.bam
135,NGS20140608H,sorted_NGS20140608H_S99_L999.bam
136,NGS20140609A,sorted_NGS20140609A_S99_L999.bam
137,NGS20140609E,sorted_NGS20140609E_S99_L999.bam
138,NGS20140609F,sorted_NGS20140609F_S99_L999.bam
139,NGS20140609G,sorted_NGS20140609G_S99_L999.bam
140,NGS20140609H,sorted_NGS20140609H_S99_L999.bam
141,NGS20140610A,sorted_NGS20140610A_S99_L999.bam
142,NGS20140610B,sorted_NGS20140610B_S99_L999.bam
143,NGS20140610D,sorted_NGS20140610D_S99_L999.bam
144,NGS20140610E,sorted_NGS20140610E_S99_L999.bam
145,NGS20140610F,sorted_NGS20140610F_S99_L999.bam
146,NGS20140610G,sorted_NGS20140610G_S99_L999.bam
147,NGS20140611A,sorted_NGS20140611A_S99_L999.bam
148,NGS20140611B,sorted_NGS20140611B_S99_L999.bam
149,NGS20140611C,sorted_NGS20140611C_S99_L999.bam
150,NGS20140611E,sorted_NGS20140611E_S99_L999.bam
151,NGS20140611F,sorted_NGS20140611F_S99_L999.bam
152,NGS20140612A,sorted_NGS20140612A_S99_L999.bam
153,NGS20140612B,sorted_NGS20140612B_S99_L999.bam
154,NGS20140612D,sorted_NGS20140612D_S99_L999.bam
155,NGS20140612E,sorted_NGS20140612E_S99_L999.bam
156,NGS20140612F,sorted_NGS20140612F_S99_L999.bam
157,NGS20140612G,sorted_NGS20140612G_S99_L999.bam
158,NGS20140612H,sorted_NGS20140612H_S99_L999.bam
159,NGS20140701B,sorted_NGS20140701B_S99_L999.bam
160,NGS20140701C,sorted_NGS20140701C_S99_L999.bam
161,NGS20140702E,sorted_NGS20140702E_S99_L999.bam
162,NGS20140703B,sorted_NGS20140703B_S99_L999.bam
163,NGS20140703C,sorted_NGS20140703C_S99_L999.bam
164,NGS20140703F,sorted_NGS20140703F_S99_L999.bam
165,NGS20140704D,sorted_NGS20140704D_S99_L999.bam
166,NGS20140704E,sorted_NGS20140704E_S99_L999.bam
167,NGS20140704G,sorted_NGS20140704G_S99_L999.bam
168,NGS20140705A,sorted_NGS20140705A_S99_L999.bam
169,NGS20140705C,sorted_NGS20140705C_S99_L999.bam
170,NGS20140705H,sorted_NGS20140705H_S99_L999.bam
171,NGS20140706B,sorted_NGS20140706B_S99_L999.bam
172,NGS20140706F,sorted_NGS20140706F_S99_L999.bam
173,NGS20140706G,sorted_NGS20140706G_S99_L999.bam
174,NGS20140706H,sorted_NGS20140706H_S99_L999.bam
175,NGS20140707A,sorted_NGS20140707A_S99_L999.bam
176,NGS20140707D,sorted_NGS20140707D_S99_L999.bam
177,NGS20140707G,sorted_NGS20140707G_S99_L999.bam
178,NGS20140708A,sorted_NGS20140708A_S99_L999.bam
179,NGS20140708B,sorted_NGS20140708B_S99_L999.bam
180,NGS20140708D,sorted_NGS20140708D_S99_L999.bam
181,NGS20140708G,sorted_NGS20140708G_S99_L999.bam
182,NGS20140709B,sorted_NGS20140709B_S99_L999.bam
183,NGS20140709D,sorted_NGS20140709D_S99_L999.bam
184,NGS20140709E,sorted_NGS20140709E_S99_L999.bam
185,NGS20140709F,sorted_NGS20140709F_S99_L999.bam
186,NGS20140710A,sorted_NGS20140710A_S99_L999.bam
187,NGS20140710D,sorted_NGS20140710D_S99_L999.bam
188,NGS20140710E,sorted_NGS20140710E_S99_L999.bam
189,NGS20140710G,sorted_NGS20140710G_S99_L999.bam
190,NGS20140710H,sorted_NGS20140710H_S99_L999.bam
191,NGS20140711B,sorted_NGS20140711B_S99_L999.bam
192,NGS20140712F,sorted_NGS20140712F_S99_L999.bam
193,NGS20140712H,sorted_NGS20140712H_S99_L999.bam
194,NGS20150110A,sorted_NGS20150110A_S99_L999.bam
195,NGS20150110C,sorted_NGS20150110C_S99_L999.bam
196,NGS20150110D,sorted_NGS20150110D_S99_L999.bam
197,NGS20150110H,sorted_NGS20150110H_S99_L999.bam
198,NGS20150111B,sorted_NGS20150111B_S99_L999.bam
199,NGS20150111C,sorted_NGS20150111C_S99_L999.bam
200,NGS20150111D,sorted_NGS20150111D_S99_L999.bam
201,NGS20150111E,sorted_NGS20150111E_S99_L999.bam
202,NGS20150112A,sorted_NGS20150112A_S99_L999.bam
203,NGS20150112C,sorted_NGS20150112C_S99_L999.bam
204,NGS20150112D,sorted_NGS20150112D_S99_L999.bam
205,NGS20150112E,sorted_NGS20150112E_S99_L999.bam
206,NGS20150112F,sorted_NGS20150112F_S99_L999.bam
207,NGS20150112G,sorted_NGS20150112G_S99_L999.bam
208,NGS20150112H,sorted_NGS20150112H_S99_L999.bam
209,NGS2015011A,sorted_NGS2015011A_S99_L999.bam
210,NGS2015011B,sorted_NGS2015011B_S99_L999.bam
211,NGS2015011E,sorted_NGS2015011E_S99_L999.bam
212,NGS2015012B,sorted_NGS2015012B_S99_L999.bam
213,NGS2015012C,sorted_NGS2015012C_S99_L999.bam
214,NGS2015012F,sorted_NGS2015012F_S99_L999.bam
215,NGS2015013A,sorted_NGS2015013A_S99_L999.bam
216,NGS2015013B,sorted_NGS2015013B_S99_L999.bam
217,NGS2015013C,sorted_NGS2015013C_S99_L999.bam
218,NGS2015013D,sorted_NGS2015013D_S99_L999.bam
219,NGS2015013F,sorted_NGS2015013F_S99_L999.bam
220,NGS2015014A,sorted_NGS2015014A_S99_L999.bam
221,NGS2015014B,sorted_NGS2015014B_S99_L999.bam
222,NGS2015014C,sorted_NGS2015014C_S99_L999.bam
223,NGS2015014D,sorted_NGS2015014D_S99_L999.bam
224,NGS2015015A,sorted_NGS2015015A_S99_L999.bam
225,NGS2015015B,sorted_NGS2015015B_S99_L999.bam
226,NGS2015015C,sorted_NGS2015015C_S99_L999.bam
227,NGS2015016D,sorted_NGS2015016D_S99_L999.bam
228,NGS2015017C,sorted_NGS2015017C_S99_L999.bam
229,NGS2015017E,sorted_NGS2015017E_S99_L999.bam
230,NGS2015017F,sorted_NGS2015017F_S99_L999.bam
231,NGS2015017H,sorted_NGS2015017H_S99_L999.bam
232,NGS2015018A,sorted_NGS2015018A_S99_L999.bam
233,NGS2015018B,sorted_NGS2015018B_S99_L999.bam
234,NGS2015018C,sorted_NGS2015018C_S99_L999.bam
235,NGS2015018D,sorted_NGS2015018D_S99_L999.bam
236,NGS2015018F,sorted_NGS2015018F_S99_L999.bam
237,NGS2015018G,sorted_NGS2015018G_S99_L999.bam
238,NGS2015019A,sorted_NGS2015019A_S99_L999.bam
239,NGS2015019B,sorted_NGS2015019B_S99_L999.bam
240,NGS2015019C,sorted_NGS2015019C_S99_L999.bam
241,NGS2015019D,sorted_NGS2015019D_S99_L999.bam
242,NGS2015019H,sorted_NGS2015019H_S99_L999.bam
243,NGS20150210A,sorted_NGS20150210A_S99_L999.bam
244,NGS20150210H,sorted_NGS20150210H_S99_L999.bam
245,NGS20150211B,sorted_NGS20150211B_S99_L999.bam
246,NGS20150211G,sorted_NGS20150211G_S99_L999.bam
247,NGS20150212B,sorted_NGS20150212B_S99_L999.bam
248,NGS20150212H,sorted_NGS20150212H_S99_L999.bam
249,NGS2015021A,sorted_NGS2015021A_S99_L999.bam
250,NGS2015021C,sorted_NGS2015021C_S99_L999.bam
251,NGS2015021H,sorted_NGS2015021H_S99_L999.bam
252,NGS2015023C,sorted_NGS2015023C_S99_L999.bam
253,NGS2015023D,sorted_NGS2015023D_S99_L999.bam
254,NGS2015023F,sorted_NGS2015023F_S99_L999.bam
255,NGS2015024C,sorted_NGS2015024C_S99_L999.bam
256,NGS2015025B,sorted_NGS2015025B_S99_L999.bam
257,NGS2015026A,sorted_NGS2015026A_S99_L999.bam
258,NGS2015026D,sorted_NGS2015026D_S99_L999.bam
259,NGS2015026E,sorted_NGS2015026E_S99_L999.bam
260,NGS2015027B,sorted_NGS2015027B_S99_L999.bam
261,NGS2015027D,sorted_NGS2015027D_S99_L999.bam
262,NGS2015027G,sorted_NGS2015027G_S99_L999.bam
263,NGS2015027H,sorted_NGS2015027H_S99_L999.bam
264,NGS2015028B,sorted_NGS2015028B_S99_L999.bam
265,NGS2015028D,sorted_NGS2015028D_S99_L999.bam
266,NGS2015028E,sorted_NGS2015028E_S99_L999.bam
267,NGS2015028H,sorted_NGS2015028H_S99_L999.bam
268,NGS2015029H,sorted_NGS2015029H_S99_L999.bam
269,NGS20150310F,sorted_NGS20150310F_S99_L999.bam
270,NGS20150310G,sorted_NGS20150310G_S99_L999.bam
271,NGS20150311C,sorted_NGS20150311C_S99_L999.bam
272,NGS20150311F,sorted_NGS20150311F_S99_L999.bam
273,NGS20150311G,sorted_NGS20150311G_S99_L999.bam
274,NGS20150311H,sorted_NGS20150311H_S99_L999.bam
275,NGS20150312A,sorted_NGS20150312A_S99_L999.bam
276,NGS20150312B,sorted_NGS20150312B_S99_L999.bam
277,NGS20150312C,sorted_NGS20150312C_S99_L999.bam
278,NGS20150312D,sorted_NGS20150312D_S99_L999.bam
279,NGS20150312F,sorted_NGS20150312F_S99_L999.bam
280,NGS20150312H,sorted_NGS20150312H_S99_L999.bam
281,NGS2015031C,sorted_NGS2015031C_S99_L999.bam
282,NGS2015032A,sorted_NGS2015032A_S99_L999.bam
283,NGS2015032B,sorted_NGS2015032B_S99_L999.bam
284,NGS2015032C,sorted_NGS2015032C_S99_L999.bam
285,NGS2015032E,sorted_NGS2015032E_S99_L999.bam
286,NGS2015032F,sorted_NGS2015032F_S99_L999.bam
287,NGS2015034A,sorted_NGS2015034A_S99_L999.bam
288,NGS2015034C,sorted_NGS2015034C_S99_L999.bam
289,NGS2015034D,sorted_NGS2015034D_S99_L999.bam
290,NGS2015035G,sorted_NGS2015035G_S99_L999.bam
291,NGS2015035H,sorted_NGS2015035H_S99_L999.bam
292,NGS2015036C,sorted_NGS2015036C_S99_L999.bam
293,NGS2015036D,sorted_NGS2015036D_S99_L999.bam
294,NGS2015036E,sorted_NGS2015036E_S99_L999.bam
295,NGS2015036G,sorted_NGS2015036G_S99_L999.bam
296,NGS2015037C,sorted_NGS2015037C_S99_L999.bam
297,NGS2015037E,sorted_NGS2015037E_S99_L999.bam
298,NGS2015037F,sorted_NGS2015037F_S99_L999.bam
299,NGS2015037G,sorted_NGS2015037G_S99_L999.bam
300,NGS2015038B,sorted_NGS2015038B_S99_L999.bam
301,NGS2015038D,sorted_NGS2015038D_S99_L999.bam
302,NGS2015038F,sorted_NGS2015038F_S99_L999.bam
303,NGS2015038G,sorted_NGS2015038G_S99_L999.bam
304,NGS2015038H,sorted_NGS2015038H_S99_L999.bam
305,NGS2015039C,sorted_NGS2015039C_S99_L999.bam
306,NGS2015039E,sorted_NGS2015039E_S99_L999.bam
307,NGS2015039F,sorted_NGS2015039F_S99_L999.bam
308,NGS2015039G,sorted_NGS2015039G_S99_L999.bam
309,NGS2015039H,sorted_NGS2015039H_S99_L999.bam
310,NGS2015041B,sorted_NGS2015041B_S99_L999.bam
311,NGS2015041C,sorted_NGS2015041C_S99_L999.bam
312,NGS2015041D,sorted_NGS2015041D_S99_L999.bam
313,NGS2015041F,sorted_NGS2015041F_S99_L999.bam
314,NGS2015041H,sorted_NGS2015041H_S99_L999.bam
315,NGS2_20150101A,sorted_NGS2_20150101A_S99_L999.bam
316,NGS2_20150101H,sorted_NGS2_20150101H_S99_L999.bam
317,NGS2_20150102A,sorted_NGS2_20150102A_S99_L999.bam
318,NGS2_20150102D,sorted_NGS2_20150102D_S99_L999.bam
319,NGS2_20150102G,sorted_NGS2_20150102G_S99_L999.bam
320,NGS2_20150103H,sorted_NGS2_20150103H_S99_L999.bam
321,NGS2_20150104F,sorted_NGS2_20150104F_S99_L999.bam
322,NGS2_20150104G,sorted_NGS2_20150104G_S99_L999.bam
323,NGS2_20150106G,sorted_NGS2_20150106G_S99_L999.bam
324,NGS2_20150106H,sorted_NGS2_20150106H_S99_L999.bam
325,NGS2_20150107A,sorted_NGS2_20150107A_S99_L999.bam
326,NGS2_20150107G,sorted_NGS2_20150107G_S99_L999.bam
327,NGS2_20150107H,sorted_NGS2_20150107H_S99_L999.bam
328,NGS2_20150108H,sorted_NGS2_20150108H_S99_L999.bam
329,NGS2_20150109D,sorted_NGS2_20150109D_S99_L999.bam
330,NGS2_20150109F,sorted_NGS2_20150109F_S99_L999.bam
331,NGS2_20150109G,sorted_NGS2_20150109G_S99_L999.bam
332,NGS2_20150109H,sorted_NGS2_20150109H_S99_L999.bam
333,NGS2_20150110G,sorted_NGS2_20150110G_S99_L999.bam
334,NGS2_20150110H,sorted_NGS2_20150110H_S99_L999.bam
335,NGS2_20150111D,sorted_NGS2_20150111D_S99_L999.bam
336,NGS2_20150111G,sorted_NGS2_20150111G_S99_L999.bam
337,NGS2_20150111H,sorted_NGS2_20150111H_S99_L999.bam
338,NGS2_20150112F,sorted_NGS2_20150112F_S99_L999.bam
339,NGS2_20150112H,sorted_NGS2_20150112H_S99_L999.bam
340,NGS2_20150201F,sorted_NGS2_20150201F_S99_L999.bam
341,NGS2_20150201G,sorted_NGS2_20150201G_S99_L999.bam
342,NGS2_20150202D,sorted_NGS2_20150202D_S99_L999.bam
343,NGS2_20150202G,sorted_NGS2_20150202G_S99_L999.bam
344,NGS2_20150203A,sorted_NGS2_20150203A_S99_L999.bam
345,NGS2_20150204F,sorted_NGS2_20150204F_S99_L999.bam
346,NGS2_20150204H,sorted_NGS2_20150204H_S99_L999.bam
347,NGS2_20150205A,sorted_NGS2_20150205A_S99_L999.bam
348,NGS2_20150205C,sorted_NGS2_20150205C_S99_L999.bam
349,NGS2_20150205E,sorted_NGS2_20150205E_S99_L999.bam
350,NGS2_20150205H,sorted_NGS2_20150205H_S99_L999.bam
351,NGS2_20150206E,sorted_NGS2_20150206E_S99_L999.bam
352,NGS2_20150206H,sorted_NGS2_20150206H_S99_L999.bam
353,NGS2_20150207B,sorted_NGS2_20150207B_S99_L999.bam
354,NGS2_20150207H,sorted_NGS2_20150207H_S99_L999.bam
355,NGS2_20150208B,sorted_NGS2_20150208B_S99_L999.bam
356,NGS2_20150208F,sorted_NGS2_20150208F_S99_L999.bam
357,NGS2_20150208G,sorted_NGS2_20150208G_S99_L999.bam
358,NGS2_20150209C,sorted_NGS2_20150209C_S99_L999.bam
359,NGS2_20150209E,sorted_NGS2_20150209E_S99_L999.bam
360,NGS2_20150210C,sorted_NGS2_20150210C_S99_L999.bam
361,NGS2_20150210H,sorted_NGS2_20150210H_S99_L999.bam
362,NGS2_20150211F,sorted_NGS2_20150211F_S99_L999.bam
363,NGS2_20150211G,sorted_NGS2_20150211G_S99_L999.bam
364,NGS2_20150212B,sorted_NGS2_20150212B_S99_L999.bam
365,NGS2_20150212D,sorted_NGS2_20150212D_S99_L999.bam
366,NGS2_20150212F,sorted_NGS2_20150212F_S99_L999.bam
367,NGS2_20150212H,sorted_NGS2_20150212H_S99_L999.bam
368,NGS2_20150301D,sorted_NGS2_20150301D_S99_L999.bam
369,NGS2_20150301F,sorted_NGS2_20150301F_S99_L999.bam
370,NGS2_20150301H,sorted_NGS2_20150301H_S99_L999.bam
371,NGS2_20150302E,sorted_NGS2_20150302E_S99_L999.bam
372,NGS2_20150302G,sorted_NGS2_20150302G_S99_L999.bam
373,NGS2_20150302H,sorted_NGS2_20150302H_S99_L999.bam
374,NGS2_20150303A,sorted_NGS2_20150303A_S99_L999.bam
375,NGS2_20150303F,sorted_NGS2_20150303F_S99_L999.bam
376,NGS2_20150303G,sorted_NGS2_20150303G_S99_L999.bam
377,NGS2_20150304F,sorted_NGS2_20150304F_S99_L999.bam
378,NGS2_20150304G,sorted_NGS2_20150304G_S99_L999.bam
379,NGS2_20150305B,sorted_NGS2_20150305B_S99_L999.bam
380,NGS2_20150305G,sorted_NGS2_20150305G_S99_L999.bam
381,NGS2_20150306C,sorted_NGS2_20150306C_S99_L999.bam
382,NGS2_20150307C,sorted_NGS2_20150307C_S99_L999.bam
383,NGS2_20150307D,sorted_NGS2_20150307D_S99_L999.bam
384,NGS2_20150309A,sorted_NGS2_20150309A_S99_L999.bam
385,NGS2_20150312E,sorted_NGS2_20150312E_S99_L999.bam
386,NGS2_20150412C,sorted_NGS2_20150412C_S99_L999.bam
387,NGS2_20150412E,sorted_NGS2_20150412E_S99_L999.bam
388,NGS2_20150501G,sorted_NGS2_20150501G_S99_L999.bam
389,NGS2_20150502C,sorted_NGS2_20150502C_S99_L999.bam
390,NGS2_20150503D,sorted_NGS2_20150503D_S99_L999.bam
391,NGS2_20150504A,sorted_NGS2_20150504A_S99_L999.bam
392,NGS2_20150505A,sorted_NGS2_20150505A_S99_L999.bam
393,NGS2_20150505B,sorted_NGS2_20150505B_S99_L999.bam
394,NGS2_20150505C,sorted_NGS2_20150505C_S99_L999.bam
395,NGS2_20150506G,sorted_NGS2_20150506G_S99_L999.bam
396,NGS2_20150508A,sorted_NGS2_20150508A_S99_L999.bam
397,NGS2_20150508B,sorted_NGS2_20150508B_S99_L999.bam
398,NGS2_20150508C,sorted_NGS2_20150508C_S99_L999.bam
399,NGS2_20150508D,sorted_NGS2_20150508D_S99_L999.bam
400,NGS2_20150508H,sorted_NGS2_20150508H_S99_L999.bam
401,NGS2_20150509B,sorted_NGS2_20150509B_S99_L999.bam
402,NGS2_20150509E,sorted_NGS2_20150509E_S99_L999.bam
403,NGS2_20150509G,sorted_NGS2_20150509G_S99_L999.bam
404,NGS2_20150510C,sorted_NGS2_20150510C_S99_L999.bam
405,NGS2_20150510D,sorted_NGS2_20150510D_S99_L999.bam
406,NGS2_20150511C,sorted_NGS2_20150511C_S99_L999.bam
407,NGS2_20150511F,sorted_NGS2_20150511F_S99_L999.bam
408,NGS2_20150511H,sorted_NGS2_20150511H_S99_L999.bam
409,NGS2_20150512A,sorted_NGS2_20150512A_S99_L999.bam
410,NGS2_20150512B,sorted_NGS2_20150512B_S99_L999.bam
411,NGS2_20150512D,sorted_NGS2_20150512D_S99_L999.bam
412,NGS2_20150512H,sorted_NGS2_20150512H_S99_L999.bam
413,NGS2_20150601A,sorted_NGS2_20150601A_S99_L999.bam
414,NGS2_20150601E,sorted_NGS2_20150601E_S99_L999.bam
415,NGS2_20150601F,sorted_NGS2_20150601F_S99_L999.bam
416,NGS2_20150602C,sorted_NGS2_20150602C_S99_L999.bam
417,NGS2_20150602F,sorted_NGS2_20150602F_S99_L999.bam
418,NGS2_20150602G,sorted_NGS2_20150602G_S99_L999.bam
419,NGS1_20170206B,sorted_NGS1_20170206B_S99_L999.bam
420,NGS1_20170206C,sorted_NGS1_20170206C_S99_L999.bam
421,NGS1_20170206E,sorted_NGS1_20170206E_S99_L999.bam
422,NGS1_20170206F,sorted_NGS1_20170206F_S99_L999.bam
423,NGS1_20170206G,sorted_NGS1_20170206G_S99_L999.bam
424,NGS1_20170207D,sorted_NGS1_20170207D_S99_L999.bam
425,NGS1_20170207G,sorted_NGS1_20170207G_S99_L999.bam
426,NGS1_20170208A,sorted_NGS1_20170208A_S99_L999.bam
427,NGS1_20170208C,sorted_NGS1_20170208C_S99_L999.bam
428,NGS1_20170208F,sorted_NGS1_20170208F_S99_L999.bam
429,NGS1_20170209D,sorted_NGS1_20170209D_S99_L999.bam
430,NGS1_20170210C,sorted_NGS1_20170210C_S99_L999.bam
431,NGS1_20170311G,sorted_NGS1_20170311G_S99_L999.bam
432,NGS1_20170311H,sorted_NGS1_20170311H_S12_S99_L999.bam
433,NGS1_20170312C,sorted_NGS1_20170312C_S99_L999.bam
434,NGS1_20170401G,sorted_NGS1_20170401G_S1_S99_L999.bam
435,NGS1_20170402F,sorted_NGS1_20170402F_S99_L999.bam
436,NGS1_20170407A,sorted_NGS1_20170407A_S99_L999.bam
437,NGS1_20170408D,sorted_NGS1_20170408D_S99_L999.bam
438,NGS1_20170502F,sorted_NGS1_20170502F_S8_S99_L999.bam
439,NGS1_20170509E,sorted_NGS1_20170509E_S17_S99_L999.bam
440,NGS1_20170509G,sorted_NGS1_20170509G_S99_L999.bam
441,NGS1_20170511A,sorted_NGS1_20170511A_S99_L999.bam
442,NGS1_20170511D,sorted_NGS1_20170511D_S99_L999.bam
443,NGS1_20170511G,sorted_NGS1_20170511G_S99_L999.bam
444,NGS1_20170512F,sorted_NGS1_20170512F_S22_S99_L999.bam
445,NGS1_20170601H,sorted_NGS1_20170601H_S8_S99_L999.bam
446,NGS1_20170602B,sorted_NGS1_20170602B_S10_S99_L999.bam
447,NGS20140701G,sorted_NGS20140701G_S99_L999.bam
448,NGS20140703D,sorted_NGS20140703D_S99_L999.bam
449,NGS20140703G,sorted_NGS20140703G_S99_L999.bam
450,NGS20140704F,sorted_NGS20140704F_S99_L999.bam
451,NGS20140704H,sorted_NGS20140704H_S99_L999.bam
452,NGS20140705D,sorted_NGS20140705D_S99_L999.bam
453,NGS20140706D,sorted_NGS20140706D_S99_L999.bam
454,NGS20140707B,sorted_NGS20140707B_S99_L999.bam
455,NGS20140707F,sorted_NGS20140707F_S99_L999.bam
456,NGS20140707H,sorted_NGS20140707H_S99_L999.bam
457,NGS20140708E,sorted_NGS20140708E_S99_L999.bam
458,NGS20140709A,sorted_NGS20140709A_S99_L999.bam
459,NGS20140710F,sorted_NGS20140710F_S99_L999.bam
460,NGS20140711C,sorted_NGS20140711C_S99_L999.bam
461,NGS20140711F,sorted_NGS20140711F_S99_L999.bam
462,NGS20140711G,sorted_NGS20140711G_S99_L999.bam
463,NGS20140711H,sorted_NGS20140711H_S99_L999.bam
464,NGS20150110G,sorted_NGS20150110G_S99_L999.bam
465,NGS20150111F,sorted_NGS20150111F_S99_L999.bam
466,NGS2015011D,sorted_NGS2015011D_S99_L999.bam
467,NGS2015011H,sorted_NGS2015011H_S99_L999.bam
468,NGS2015012H,sorted_NGS2015012H_S99_L999.bam
469,NGS2015015E,sorted_NGS2015015E_S99_L999.bam
470,NGS2015015H,sorted_NGS2015015H_S99_L999.bam
471,NGS2015016H,sorted_NGS2015016H_S99_L999.bam
472,NGS2015018E,sorted_NGS2015018E_S99_L999.bam
473,NGS20150210B,sorted_NGS20150210B_S99_L999.bam
474,NGS20150210F,sorted_NGS20150210F_S99_L999.bam
475,NGS20150210G,sorted_NGS20150210G_S99_L999.bam
476,NGS20150211A,sorted_NGS20150211A_S99_L999.bam
477,NGS20150211C,sorted_NGS20150211C_S99_L999.bam
478,NGS20150211D,sorted_NGS20150211D_S99_L999.bam
479,NGS20150211H,sorted_NGS20150211H_S99_L999.bam
480,NGS20150212A,sorted_NGS20150212A_S99_L999.bam
481,NGS20150212D,sorted_NGS20150212D_S99_L999.bam
482,NGS20150212F,sorted_NGS20150212F_S99_L999.bam
483,NGS2015021E,sorted_NGS2015021E_S99_L999.bam
484,NGS2015021F,sorted_NGS2015021F_S99_L999.bam
485,NGS2015022B,sorted_NGS2015022B_S99_L999.bam
486,NGS2015022F,sorted_NGS2015022F_S99_L999.bam
487,NGS2015022G,sorted_NGS2015022G_S99_L999.bam
488,NGS2015022H,sorted_NGS2015022H_S99_L999.bam
489,NGS2015023A,sorted_NGS2015023A_S99_L999.bam
490,NGS2015023E,sorted_NGS2015023E_S99_L999.bam
491,NGS2015023G,sorted_NGS2015023G_S99_L999.bam
492,NGS2015023H,sorted_NGS2015023H_S99_L999.bam
493,NGS2015024E,sorted_NGS2015024E_S99_L999.bam
494,NGS2015024F,sorted_NGS2015024F_S99_L999.bam
495,NGS2015024H,sorted_NGS2015024H_S99_L999.bam
496,NGS2015025C,sorted_NGS2015025C_S99_L999.bam
497,NGS2015025F,sorted_NGS2015025F_S99_L999.bam
498,NGS2015026B,sorted_NGS2015026B_S99_L999.bam
499,NGS2015026F,sorted_NGS2015026F_S99_L999.bam
500,NGS2015026G,sorted_NGS2015026G_S99_L999.bam
501,NGS2015026H,sorted_NGS2015026H_S99_L999.bam
502,NGS2015027C,sorted_NGS2015027C_S99_L999.bam
503,NGS2015027E,sorted_NGS2015027E_S99_L999.bam
504,NGS2015027F,sorted_NGS2015027F_S99_L999.bam
505,NGS2015028F,sorted_NGS2015028F_S99_L999.bam
506,NGS2015028G,sorted_NGS2015028G_S99_L999.bam
507,NGS2015029D,sorted_NGS2015029D_S99_L999.bam
508,NGS2015029F,sorted_NGS2015029F_S99_L999.bam
509,NGS2015029G,sorted_NGS2015029G_S99_L999.bam
510,NGS20150310C,sorted_NGS20150310C_S99_L999.bam
511,NGS20150310D,sorted_NGS20150310D_S99_L999.bam
512,NGS2015033A,sorted_NGS2015033A_S99_L999.bam
513,NGS2015033C,sorted_NGS2015033C_S99_L999.bam
514,NGS2015033F,sorted_NGS2015033F_S99_L999.bam
515,NGS2015035A,sorted_NGS2015035A_S99_L999.bam
516,NGS2015035D,sorted_NGS2015035D_S99_L999.bam
517,NGS2015036B,sorted_NGS2015036B_S99_L999.bam
518,NGS2015039A,sorted_NGS2015039A_S99_L999.bam
519,NGS2015039B,sorted_NGS2015039B_S99_L999.bam
520,NGS2_20150101B,sorted_NGS2_20150101B_S99_L999.bam
521,NGS2_20150101C,sorted_NGS2_20150101C_S99_L999.bam
522,NGS2_20150102B,sorted_NGS2_20150102B_S99_L999.bam
523,NGS2_20150102C,sorted_NGS2_20150102C_S99_L999.bam
524,NGS2_20150102F,sorted_NGS2_20150102F_S99_L999.bam
525,NGS2_20150103C,sorted_NGS2_20150103C_S99_L999.bam
526,NGS2_20150104B,sorted_NGS2_20150104B_S99_L999.bam
527,NGS2_20150104C,sorted_NGS2_20150104C_S99_L999.bam
528,NGS2_20150104E,sorted_NGS2_20150104E_S99_L999.bam
529,NGS2_20150105B,sorted_NGS2_20150105B_S99_L999.bam
530,NGS2_20150105C,sorted_NGS2_20150105C_S99_L999.bam
531,NGS2_20150105F,sorted_NGS2_20150105F_S99_L999.bam
532,NGS2_20150106B,sorted_NGS2_20150106B_S99_L999.bam
533,NGS2_20150106D,sorted_NGS2_20150106D_S99_L999.bam
534,NGS2_20150106F,sorted_NGS2_20150106F_S99_L999.bam
535,NGS2_20150107E,sorted_NGS2_20150107E_S99_L999.bam
536,NGS2_20150108D,sorted_NGS2_20150108D_S99_L999.bam
537,NGS2_20150108E,sorted_NGS2_20150108E_S99_L999.bam
538,NGS2_20150109A,sorted_NGS2_20150109A_S99_L999.bam
539,NGS2_20150109E,sorted_NGS2_20150109E_S99_L999.bam
540,NGS2_20150110A,sorted_NGS2_20150110A_S99_L999.bam
541,NGS2_20150110C,sorted_NGS2_20150110C_S99_L999.bam
542,NGS2_20150110D,sorted_NGS2_20150110D_S99_L999.bam
543,NGS2_20150110F,sorted_NGS2_20150110F_S99_L999.bam
544,NGS2_20150111A,sorted_NGS2_20150111A_S99_L999.bam
545,NGS2_20150111E,sorted_NGS2_20150111E_S99_L999.bam
546,NGS2_20150112B,sorted_NGS2_20150112B_S99_L999.bam
547,NGS2_20150112C,sorted_NGS2_20150112C_S99_L999.bam
548,NGS2_20150112D,sorted_NGS2_20150112D_S99_L999.bam
549,NGS2_20150112E,sorted_NGS2_20150112E_S99_L999.bam
550,NGS2_20150201A,sorted_NGS2_20150201A_S99_L999.bam
551,NGS2_20150201B,sorted_NGS2_20150201B_S99_L999.bam
552,NGS2_20150201C,sorted_NGS2_20150201C_S99_L999.bam
553,NGS2_20150201E,sorted_NGS2_20150201E_S99_L999.bam
554,NGS2_20150201H,sorted_NGS2_20150201H_S99_L999.bam
555,NGS2_20150202A,sorted_NGS2_20150202A_S99_L999.bam
556,NGS2_20150202B,sorted_NGS2_20150202B_S99_L999.bam
557,NGS2_20150202H,sorted_NGS2_20150202H_S99_L999.bam
558,NGS2_20150203B,sorted_NGS2_20150203B_S99_L999.bam
559,NGS2_20150203C,sorted_NGS2_20150203C_S99_L999.bam
560,NGS2_20150203D,sorted_NGS2_20150203D_S99_L999.bam
561,NGS2_20150203E,sorted_NGS2_20150203E_S99_L999.bam
562,NGS2_20150203F,sorted_NGS2_20150203F_S99_L999.bam
563,NGS2_20150203H,sorted_NGS2_20150203H_S99_L999.bam
564,NGS2_20150204B,sorted_NGS2_20150204B_S99_L999.bam
565,NGS2_20150204C,sorted_NGS2_20150204C_S99_L999.bam
566,NGS2_20150204D,sorted_NGS2_20150204D_S99_L999.bam
567,NGS2_20150204E,sorted_NGS2_20150204E_S99_L999.bam
568,NGS2_20150206F,sorted_NGS2_20150206F_S99_L999.bam
569,NGS2_20150207D,sorted_NGS2_20150207D_S99_L999.bam
570,NGS2_20150208A,sorted_NGS2_20150208A_S99_L999.bam
571,NGS2_20150208C,sorted_NGS2_20150208C_S99_L999.bam
572,NGS2_20150208E,sorted_NGS2_20150208E_S99_L999.bam
573,NGS2_20150208H,sorted_NGS2_20150208H_S99_L999.bam
574,NGS2_20150210A,sorted_NGS2_20150210A_S99_L999.bam
575,NGS2_20150210B,sorted_NGS2_20150210B_S99_L999.bam
576,NGS2_20150210E,sorted_NGS2_20150210E_S99_L999.bam
577,NGS2_20150210F,sorted_NGS2_20150210F_S99_L999.bam
578,NGS2_20150211A,sorted_NGS2_20150211A_S99_L999.bam
579,NGS2_20150211C,sorted_NGS2_20150211C_S99_L999.bam
580,NGS2_20150211E,sorted_NGS2_20150211E_S99_L999.bam
581,NGS2_20150211H,sorted_NGS2_20150211H_S99_L999.bam
582,NGS2_20150212A,sorted_NGS2_20150212A_S99_L999.bam
583,NGS2_20150301C,sorted_NGS2_20150301C_S99_L999.bam
584,NGS2_20150301E,sorted_NGS2_20150301E_S99_L999.bam
585,NGS2_20150303C,sorted_NGS2_20150303C_S99_L999.bam
586,NGS2_20150303D,sorted_NGS2_20150303D_S99_L999.bam
587,NGS2_20150303E,sorted_NGS2_20150303E_S99_L999.bam
588,NGS2_20150303H,sorted_NGS2_20150303H_S99_L999.bam
589,NGS2_20150304C,sorted_NGS2_20150304C_S99_L999.bam
590,NGS2_20150304D,sorted_NGS2_20150304D_S99_L999.bam
591,NGS2_20150304H,sorted_NGS2_20150304H_S99_L999.bam
592,NGS2_20150305C,sorted_NGS2_20150305C_S99_L999.bam
593,NGS2_20150305E,sorted_NGS2_20150305E_S99_L999.bam
594,NGS2_20150305F,sorted_NGS2_20150305F_S99_L999.bam
595,NGS2_20150306A,sorted_NGS2_20150306A_S99_L999.bam
596,NGS2_20150306D,sorted_NGS2_20150306D_S99_L999.bam
597,NGS2_20150306E,sorted_NGS2_20150306E_S99_L999.bam
598,NGS2_20150306G,sorted_NGS2_20150306G_S99_L999.bam
599,NGS2_20150307B,sorted_NGS2_20150307B_S99_L999.bam
600,NGS2_20150307H,sorted_NGS2_20150307H_S99_L999.bam
601,NGS2_20150308A,sorted_NGS2_20150308A_S99_L999.bam
602,NGS2_20150308B,sorted_NGS2_20150308B_S99_L999.bam
603,NGS2_20150308E,sorted_NGS2_20150308E_S99_L999.bam
604,NGS2_20150309G,sorted_NGS2_20150309G_S99_L999.bam
605,NGS2_20150309H,sorted_NGS2_20150309H_S99_L999.bam
606,NGS2_20150310B,sorted_NGS2_20150310B_S99_L999.bam
607,NGS2_20150310C,sorted_NGS2_20150310C_S99_L999.bam
608,NGS2_20150311F,sorted_NGS2_20150311F_S99_L999.bam
609,NGS2_20150311H,sorted_NGS2_20150311H_S99_L999.bam
610,NGS2_20150312B,sorted_NGS2_20150312B_S99_L999.bam
611,NGS2_20150312G,sorted_NGS2_20150312G_S99_L999.bam
612,NGS2_20150401C,sorted_NGS2_20150401C_S99_L999.bam
613,NGS2_20150401F,sorted_NGS2_20150401F_S99_L999.bam
614,NGS2_20150402A,sorted_NGS2_20150402A_S99_L999.bam
615,NGS2_20150402C,sorted_NGS2_20150402C_S99_L999.bam
616,NGS2_20150402D,sorted_NGS2_20150402D_S99_L999.bam
617,NGS2_20150407A,sorted_NGS2_20150407A_S99_L999.bam
618,NGS2_20150407B,sorted_NGS2_20150407B_S99_L999.bam
619,NGS2_20150407C,sorted_NGS2_20150407C_S99_L999.bam
620,NGS2_20150407D,sorted_NGS2_20150407D_S99_L999.bam
621,NGS2_20150407G,sorted_NGS2_20150407G_S99_L999.bam
622,NGS2_20150408E,sorted_NGS2_20150408E_S99_L999.bam
623,NGS2_20150408F,sorted_NGS2_20150408F_S99_L999.bam
624,NGS2_20150408G,sorted_NGS2_20150408G_S99_L999.bam
625,NGS2_20150408H,sorted_NGS2_20150408H_S99_L999.bam
626,NGS2_20150409C,sorted_NGS2_20150409C_S99_L999.bam
627,NGS2_20150409D,sorted_NGS2_20150409D_S99_L999.bam
628,NGS2_20150409E,sorted_NGS2_20150409E_S99_L999.bam
629,NGS2_20150409G,sorted_NGS2_20150409G_S99_L999.bam
630,NGS2_20150410B,sorted_NGS2_20150410B_S99_L999.bam
631,NGS2_20150410F,sorted_NGS2_20150410F_S99_L999.bam
632,NGS2_20150410G,sorted_NGS2_20150410G_S99_L999.bam
633,NGS2_20150410H,sorted_NGS2_20150410H_S99_L999.bam
634,NGS2_20150411F,sorted_NGS2_20150411F_S99_L999.bam
635,NGS2_20150411G,sorted_NGS2_20150411G_S99_L999.bam
636,NGS2_20150411H,sorted_NGS2_20150411H_S99_L999.bam
637,NGS2_20150412A,sorted_NGS2_20150412A_S99_L999.bam
638,NGS2_20150412B,sorted_NGS2_20150412B_S99_L999.bam
639,NGS2_20150412D,sorted_NGS2_20150412D_S99_L999.bam
640,NGS2_20150501C,sorted_NGS2_20150501C_S99_L999.bam
641,NGS2_20150501F,sorted_NGS2_20150501F_S99_L999.bam
642,NGS2_20150502D,sorted_NGS2_20150502D_S99_L999.bam
643,NGS2_20150502F,sorted_NGS2_20150502F_S99_L999.bam
644,NGS2_20150503A,sorted_NGS2_20150503A_S99_L999.bam
645,NGS2_20150503C,sorted_NGS2_20150503C_S99_L999.bam
646,NGS2_20150503E,sorted_NGS2_20150503E_S99_L999.bam
647,NGS2_20150503G,sorted_NGS2_20150503G_S99_L999.bam
648,NGS2_20150503H,sorted_NGS2_20150503H_S99_L999.bam
649,NGS2_20150504C,sorted_NGS2_20150504C_S99_L999.bam
650,NGS2_20150504D,sorted_NGS2_20150504D_S99_L999.bam
651,NGS2_20150504G,sorted_NGS2_20150504G_S99_L999.bam
652,NGS2_20150506E,sorted_NGS2_20150506E_S99_L999.bam
653,NGS2_20150507A,sorted_NGS2_20150507A_S99_L999.bam
654,NGS2_20150507D,sorted_NGS2_20150507D_S99_L999.bam
655,NGS2_20150508E,sorted_NGS2_20150508E_S99_L999.bam
656,NGS2_20150508G,sorted_NGS2_20150508G_S99_L999.bam
657,NGS2_20150509C,sorted_NGS2_20150509C_S99_L999.bam
658,NGS2_20150509H,sorted_NGS2_20150509H_S99_L999.bam
659,NGS2_20150510A,sorted_NGS2_20150510A_S99_L999.bam
660,NGS2_20150510B,sorted_NGS2_20150510B_S99_L999.bam
661,NGS2_20150510F,sorted_NGS2_20150510F_S99_L999.bam
662,NGS2_20150511A,sorted_NGS2_20150511A_S99_L999.bam
663,NGS2_20150511B,sorted_NGS2_20150511B_S99_L999.bam
664,NGS2_20150511D,sorted_NGS2_20150511D_S99_L999.bam
665,NGS2_20150511E,sorted_NGS2_20150511E_S99_L999.bam
666,NGS2_20150512G,sorted_NGS2_20150512G_S99_L999.bam
667,NGS2_20150601H,sorted_NGS2_20150601H_S99_L999.bam
668,NGS2_20150602D,sorted_NGS2_20150602D_S99_L999.bam
669,NGS2_20150602E,sorted_NGS2_20150602E_S99_L999.bam
670,NGS2_20150602H,sorted_NGS2_20150602H_S99_L999.bam
671,NGS1_20170101A,sorted_NGS1_20170101A_S1_S99_L999.bam
672,NGS1_20170101B,sorted_NGS1_20170101B_S99_L999.bam
673,NGS1_20170101E,sorted_NGS1_20170101E_S99_L999.bam
674,NGS1_20170101F,sorted_NGS1_20170101F_S99_L999.bam
675,NGS1_20170102D,sorted_NGS1_20170102D_S99_L999.bam
676,NGS1_20170102E,sorted_NGS1_20170102E_S99_L999.bam
677,NGS1_20170103A,sorted_NGS1_20170103A_S99_L999.bam
678,NGS1_20170103B,sorted_NGS1_20170103B_S99_L999.bam
679,NGS1_20170103E,sorted_NGS1_20170103E_S99_L999.bam
680,NGS1_20170104A,sorted_NGS1_20170104A_S99_L999.bam
681,NGS1_20170104B,sorted_NGS1_20170104B_S99_L999.bam
682,NGS1_20170104E,sorted_NGS1_20170104E_S99_L999.bam
683,NGS1_20170105F,sorted_NGS1_20170105F_S99_L999.bam
684,NGS1_20170106F,sorted_NGS1_20170106F_S99_L999.bam
685,NGS1_20170107E,sorted_NGS1_20170107E_S99_L999.bam
686,NGS1_20170108A,sorted_NGS1_20170108A_S99_L999.bam
687,NGS1_20170108E,sorted_NGS1_20170108E_S99_L999.bam
688,NGS1_20170109A,sorted_NGS1_20170109A_S99_L999.bam
689,NGS1_20170109D,sorted_NGS1_20170109D_S99_L999.bam
690,NGS1_20170109E,sorted_NGS1_20170109E_S99_L999.bam
691,NGS1_20170111C,sorted_NGS1_20170111C_S99_L999.bam
692,NGS1_20170111D,sorted_NGS1_20170111D_S99_L999.bam
693,NGS1_20170205B,sorted_NGS1_20170205B_S99_L999.bam
694,NGS1_20170206H,sorted_NGS1_20170206H_S99_L999.bam
695,NGS1_20170207A,sorted_NGS1_20170207A_S99_L999.bam
696,NGS1_20170207F,sorted_NGS1_20170207F_S99_L999.bam
697,NGS1_20170208E,sorted_NGS1_20170208E_S99_L999.bam
698,NGS1_20170208G,sorted_NGS1_20170208G_S99_L999.bam
699,NGS1_20170210D,sorted_NGS1_20170210D_S99_L999.bam
700,NGS1_20170210E,sorted_NGS1_20170210E_S99_L999.bam
701,NGS1_20170211C,sorted_NGS1_20170211C_S99_L999.bam
702,NGS1_20170301B,sorted_NGS1_20170301B_S99_L999.bam
703,NGS1_20170301F,sorted_NGS1_20170301F_S99_L999.bam
704,NGS1_20170302F,sorted_NGS1_20170302F_S3_S99_L999.bam
705,NGS1_20170302H,sorted_NGS1_20170302H_S5_S99_L999.bam
706,NGS1_20170303E,sorted_NGS1_20170303E_S1_S99_L999.bam
707,NGS1_20170303H,sorted_NGS1_20170303H_S99_L999.bam
708,NGS1_20170304B,sorted_NGS1_20170304B_S99_L999.bam
709,NGS1_20170304D,sorted_NGS1_20170304D_S3_S99_L999.bam
710,NGS1_20170304F,sorted_NGS1_20170304F_S99_L999.bam
711,NGS1_20170304G,sorted_NGS1_20170304G_S99_L999.bam
712,NGS1_20170305B,sorted_NGS1_20170305B_S99_L999.bam
713,NGS1_20170305C,sorted_NGS1_20170305C_S99_L999.bam
714,NGS1_20170305D,sorted_NGS1_20170305D_S5_S99_L999.bam
715,NGS1_20170305E,sorted_NGS1_20170305E_S99_L999.bam
716,NGS1_20170305F,sorted_NGS1_20170305F_S99_L999.bam
717,NGS1_20170305G,sorted_NGS1_20170305G_S99_L999.bam
718,NGS1_20170305H,sorted_NGS1_20170305H_S6_S99_L999.bam
719,NGS1_20170306A,sorted_NGS1_20170306A_S7_S99_L999.bam
720,NGS1_20170306B,sorted_NGS1_20170306B_S8_S99_L999.bam
721,NGS1_20170306D,sorted_NGS1_20170306D_S99_L999.bam
722,NGS1_20170306E,sorted_NGS1_20170306E_S9_S99_L999.bam
723,NGS1_20170306F,sorted_NGS1_20170306F_S99_L999.bam
724,NGS1_20170306G,sorted_NGS1_20170306G_S99_L999.bam
725,NGS1_20170306H,sorted_NGS1_20170306H_S10_S99_L999.bam
726,NGS1_20170307A,sorted_NGS1_20170307A_S99_L999.bam
727,NGS1_20170307B,sorted_NGS1_20170307B_S99_L999.bam
728,NGS1_20170307C,sorted_NGS1_20170307C_S99_L999.bam
729,NGS1_20170307D,sorted_NGS1_20170307D_S99_L999.bam
730,NGS1_20170307E,sorted_NGS1_20170307E_S99_L999.bam
731,NGS1_20170307F,sorted_NGS1_20170307F_S99_L999.bam
732,NGS1_20170307G,sorted_NGS1_20170307G_S99_L999.bam
733,NGS1_20170307H,sorted_NGS1_20170307H_S99_L999.bam
734,NGS1_20170308A,sorted_NGS1_20170308A_S99_L999.bam
735,NGS1_20170308C,sorted_NGS1_20170308C_S99_L999.bam
736,NGS1_20170308D,sorted_NGS1_20170308D_S99_L999.bam
737,NGS1_20170308E,sorted_NGS1_20170308E_S99_L999.bam
738,NGS1_20170308F,sorted_NGS1_20170308F_S99_L999.bam
739,NGS1_20170308G,sorted_NGS1_20170308G_S99_L999.bam
740,NGS1_20170308H,sorted_NGS1_20170308H_S99_L999.bam
741,NGS1_20170309A,sorted_NGS1_20170309A_S99_L999.bam
742,NGS1_20170309B,sorted_NGS1_20170309B_S99_L999.bam
743,NGS1_20170309E,sorted_NGS1_20170309E_S99_L999.bam
744,NGS1_20170309G,sorted_NGS1_20170309G_S99_L999.bam
745,NGS1_20170309H,sorted_NGS1_20170309H_S99_L999.bam
746,NGS1_20170310A,sorted_NGS1_20170310A_S24_S99_L999.bam
747,NGS1_20170310B,sorted_NGS1_20170310B_S8_S99_L999.bam
748,NGS1_20170310C,sorted_NGS1_20170310C_S9_S99_L999.bam
749,NGS1_20170310D,sorted_NGS1_20170310D_S10_S99_L999.bam
750,NGS1_20170310E,sorted_NGS1_20170310E_S11_S99_L999.bam
751,NGS1_20170310F,sorted_NGS1_20170310F_S12_S99_L999.bam
752,NGS1_20170310G,sorted_NGS1_20170310G_S99_L999.bam
753,NGS1_20170310H,sorted_NGS1_20170310H_S99_L999.bam
754,NGS1_20170311A,sorted_NGS1_20170311A_S11_S99_L999.bam
755,NGS1_20170311B,sorted_NGS1_20170311B_S99_L999.bam
756,NGS1_20170311C,sorted_NGS1_20170311C_S99_L999.bam
757,NGS1_20170311D,sorted_NGS1_20170311D_S99_L999.bam
758,NGS1_20170311E,sorted_NGS1_20170311E_S99_L999.bam
759,NGS1_20170311F,sorted_NGS1_20170311F_S99_L999.bam
760,NGS1_20170403C,sorted_NGS1_20170403C_S99_L999.bam
761,NGS1_20170403D,sorted_NGS1_20170403D_S99_L999.bam
762,NGS1_20170403E,sorted_NGS1_20170403E_S99_L999.bam
763,NGS1_20170403F,sorted_NGS1_20170403F_S99_L999.bam
764,NGS1_20170403G,sorted_NGS1_20170403G_S99_L999.bam
765,NGS1_20170403H,sorted_NGS1_20170403H_S99_L999.bam
766,NGS1_20170404A,sorted_NGS1_20170404A_S99_L999.bam
767,NGS1_20170404B,sorted_NGS1_20170404B_S99_L999.bam
768,NGS1_20170404C,sorted_NGS1_20170404C_S99_L999.bam
769,NGS1_20170404D,sorted_NGS1_20170404D_S99_L999.bam
770,NGS1_20170404E,sorted_NGS1_20170404E_S99_L999.bam
771,NGS1_20170404F,sorted_NGS1_20170404F_S99_L999.bam
772,NGS1_20170404G,sorted_NGS1_20170404G_S99_L999.bam
773,NGS1_20170404H,sorted_NGS1_20170404H_S99_L999.bam
774,NGS1_20170405A,sorted_NGS1_20170405A_S99_L999.bam
775,NGS1_20170405B,sorted_NGS1_20170405B_S99_L999.bam
776,NGS1_20170405C,sorted_NGS1_20170405C_S99_L999.bam
777,NGS1_20170405D,sorted_NGS1_20170405D_S99_L999.bam
778,NGS1_20170405E,sorted_NGS1_20170405E_S13_S99_L999.bam
779,NGS1_20170405F,sorted_NGS1_20170405F_S14_S99_L999.bam
780,NGS1_20170405G,sorted_NGS1_20170405G_S15_S99_L999.bam
781,NGS1_20170405H,sorted_NGS1_20170405H_S16_S99_L999.bam
782,NGS1_20170406A,sorted_NGS1_20170406A_S17_S99_L999.bam
783,NGS1_20170406B,sorted_NGS1_20170406B_S18_S99_L999.bam
784,NGS1_20170406C,sorted_NGS1_20170406C_S99_L999.bam
785,NGS1_20170406D,sorted_NGS1_20170406D_S99_L999.bam
786,NGS1_20170406E,sorted_NGS1_20170406E_S99_L999.bam
787,NGS1_20170406F,sorted_NGS1_20170406F_S99_L999.bam
788,NGS1_20170406H,sorted_NGS1_20170406H_S99_L999.bam
789,NGS1_20170407B,sorted_NGS1_20170407B_S99_L999.bam
790,NGS1_20170407C,sorted_NGS1_20170407C_S99_L999.bam
791,NGS1_20170407H,sorted_NGS1_20170407H_S99_L999.bam
792,NGS1_20170408A,sorted_NGS1_20170408A_S99_L999.bam
793,NGS1_20170408B,sorted_NGS1_20170408B_S99_L999.bam
794,NGS1_20170408C,sorted_NGS1_20170408C_S99_L999.bam
795,NGS1_20170408E,sorted_NGS1_20170408E_S99_L999.bam
796,NGS1_20170408F,sorted_NGS1_20170408F_S99_L999.bam
797,NGS1_20170408H,sorted_NGS1_20170408H_S99_L999.bam
798,NGS1_20170409A,sorted_NGS1_20170409A_S99_L999.bam
799,NGS1_20170409B,sorted_NGS1_20170409B_S99_L999.bam
800,NGS1_20170409D,sorted_NGS1_20170409D_S2_S99_L999.bam
801,NGS1_20170409F,sorted_NGS1_20170409F_S4_S99_L999.bam
802,NGS1_20170409G,sorted_NGS1_20170409G_S5_S99_L999.bam
803,NGS1_20170410A,sorted_NGS1_20170410A_S99_L999.bam
804,NGS1_20170410B,sorted_NGS1_20170410B_S99_L999.bam
805,NGS1_20170410D,sorted_NGS1_20170410D_S99_L999.bam
806,NGS1_20170410E,sorted_NGS1_20170410E_S99_L999.bam
807,NGS1_20170410F,sorted_NGS1_20170410F_S99_L999.bam
808,NGS1_20170410G,sorted_NGS1_20170410G_S99_L999.bam
809,NGS1_20170410H,sorted_NGS1_20170410H_S99_L999.bam
810,NGS1_20170411A,sorted_NGS1_20170411A_S99_L999.bam
811,NGS1_20170411B,sorted_NGS1_20170411B_S99_L999.bam
812,NGS1_20170411C,sorted_NGS1_20170411C_S99_L999.bam
813,NGS1_20170411E,sorted_NGS1_20170411E_S99_L999.bam
814,NGS1_20170411H,sorted_NGS1_20170411H_S99_L999.bam
815,NGS1_20170412C,sorted_NGS1_20170412C_S99_L999.bam
816,NGS1_20170412E,sorted_NGS1_20170412E_S99_L999.bam
817,NGS1_20170412F,sorted_NGS1_20170412F_S99_L999.bam
818,NGS1_20170412G,sorted_NGS1_20170412G_S99_L999.bam
819,NGS1_20170412H,sorted_NGS1_20170412H_S99_L999.bam
820,NGS1_20170502G,sorted_NGS1_20170502G_S9_S99_L999.bam
821,NGS1_20170502H,sorted_NGS1_20170502H_S10_S99_L999.bam
822,NGS1_20170510B,sorted_NGS1_20170510B_S99_L999.bam
823,NGS1_20170510C,sorted_NGS1_20170510C_S99_L999.bam
824,NGS1_20170510D,sorted_NGS1_20170510D_S19_S99_L999.bam
825,NGS1_20170510E,sorted_NGS1_20170510E_S20_S99_L999.bam
826,NGS1_20170510F,sorted_NGS1_20170510F_S21_S99_L999.bam
827,NGS1_20170510G,sorted_NGS1_20170510G_S99_L999.bam
828,NGS1_20170510H,sorted_NGS1_20170510H_S99_L999.bam
829,NGS1_20170511C,sorted_NGS1_20170511C_S99_L999.bam
830,NGS1_20170601A,sorted_NGS1_20170601A_S1_S99_L999.bam
831,NGS1_20170601E,sorted_NGS1_20170601E_S5_S99_L999.bam
832,NGS1_20170601G,sorted_NGS1_20170601G_S7_S99_L999.bam
833,NGS1_20170602F,sorted_NGS1_20170602F_S14_S99_L999.bam
834,NGS2_20150101D,sorted_NGS2_20150101D_S99_L999.bam
835,NGS2_20150103D,sorted_NGS2_20150103D_S99_L999.bam
836,NGS2_20150104D,sorted_NGS2_20150104D_S99_L999.bam
837,NGS2_20150107C,sorted_NGS2_20150107C_S99_L999.bam
838,NGS2_20150108F,sorted_NGS2_20150108F_S99_L999.bam
839,NGS2_20150308C,sorted_NGS2_20150308C_S99_L999.bam
840,NGS2_20150309F,sorted_NGS2_20150309F_S99_L999.bam
841,NGS2_20150311D,sorted_NGS2_20150311D_S99_L999.bam
842,NGS2_20150311G,sorted_NGS2_20150311G_S99_L999.bam
843,NGS2_20150312A,sorted_NGS2_20150312A_S99_L999.bam
844,NGS2_20150312F,sorted_NGS2_20150312F_S99_L999.bam
845,NGS2_20150402B,sorted_NGS2_20150402B_S99_L999.bam
846,NGS2_20150402F,sorted_NGS2_20150402F_S99_L999.bam
847,NGS2_20150402H,sorted_NGS2_20150402H_S99_L999.bam
848,NGS2_20150403B,sorted_NGS2_20150403B_S99_L999.bam
849,NGS2_20150403C,sorted_NGS2_20150403C_S99_L999.bam
850,NGS2_20150404A,sorted_NGS2_20150404A_S99_L999.bam
851,NGS2_20150404B,sorted_NGS2_20150404B_S99_L999.bam
852,NGS2_20150405A,sorted_NGS2_20150405A_S99_L999.bam
853,NGS2_20150406D,sorted_NGS2_20150406D_S99_L999.bam
854,NGS2_20150408D,sorted_NGS2_20150408D_S99_L999.bam
855,NGS2_20150409H,sorted_NGS2_20150409H_S99_L999.bam
856,NGS2_20150501B,sorted_NGS2_20150501B_S99_L999.bam
857,NGS2_20150501H,sorted_NGS2_20150501H_S99_L999.bam
858,NGS2_20150502H,sorted_NGS2_20150502H_S99_L999.bam
859,NGS2_20150504E,sorted_NGS2_20150504E_S99_L999.bam
860,NGS1_20170102H,sorted_NGS1_20170102H_S99_L999.bam
861,NGS1_20170509F,sorted_NGS1_20170509F_S99_L999.bam
862,NGS1_20170512C,sorted_NGS1_20170512C_S19_S99_L999.bam
863,NGS20140604B,sorted_NGS20140604B_S99_L999.bam
864,NGS20140702D,sorted_NGS20140702D_S99_L999.bam
865,NGS20140708F,sorted_NGS20140708F_S99_L999.bam
866,NGS2015014F,sorted_NGS2015014F_S99_L999.bam
867,NGS2015015F,sorted_NGS2015015F_S99_L999.bam
868,NGS2015016C,sorted_NGS2015016C_S99_L999.bam
869,NGS2015019G,sorted_NGS2015019G_S99_L999.bam
870,NGS20150210E,sorted_NGS20150210E_S99_L999.bam
871,NGS2015031H,sorted_NGS2015031H_S99_L999.bam
872,NGS2015036F,sorted_NGS2015036F_S99_L999.bam
873,NGS2_20150212C,sorted_NGS2_20150212C_S99_L999.bam
874,NGS2_20150301G,sorted_NGS2_20150301G_S99_L999.bam
875,NGS2_20150507C,sorted_NGS2_20150507C_S99_L999.bam
876,NGS2_20150509F,sorted_NGS2_20150509F_S99_L999.bam
877,NGS20150311E,sorted_NGS20150311E_S99_L999.bam
878,NGS2015038A,sorted_NGS2015038A_S99_L999.bam
879,NGS20140702C,sorted_NGS20140702C_S99_L999.bam
880,NGS1_20170107C,sorted_NGS1_20170107C_S99_L999.bam
881,NGS2015035C,sorted_NGS2015035C_S99_L999.bam
882,NGS2015016A,sorted_NGS2015016A_S99_L999.bam
883,NGS2015041E,sorted_NGS2015041E_S99_L999.bam
884,NGS20140712B,sorted_NGS20140712B_S99_L999.bam
885,NGS1_20170101D,sorted_NGS1_20170101D_S99_L999.bam
886,NGS20140604E,sorted_NGS20140604E_S99_L999.bam
887,NGS2015033G,sorted_NGS2015033G_S99_L999.bam
888,NGS20140607C,sorted_NGS20140607C_S99_L999.bam
889,NGS20140702B,sorted_NGS20140702B_S99_L999.bam
890,NGS20150312E,sorted_NGS20150312E_S99_L999.bam
891,NGS2_20150507H,sorted_NGS2_20150507H_S99_L999.bam
892,NGS2_20150510G,sorted_NGS2_20150510G_S99_L999.bam
893,NGS20140701A,sorted_NGS20140701A_S99_L999.bam
894,NGS2015013E,sorted_NGS2015013E_S99_L999.bam
895,NGS2_20150209G,sorted_NGS2_20150209G_S99_L999.bam
896,NGS2_20150301B,sorted_NGS2_20150301B_S99_L999.bam
897,NGS2015034G,sorted_NGS2015034G_S99_L999.bam
898,NGS2015021G,sorted_NGS2015021G_S99_L999.bam
899,NGS2015024B,sorted_NGS2015024B_S99_L999.bam
900,NGS20140701E,sorted_NGS20140701E_S99_L999.bam
901,NGS1_20170110B,sorted_NGS1_20170110B_S99_L999.bam
902,NGS20150212E,sorted_NGS20150212E_S99_L999.bam
903,NGS2015021B,sorted_NGS2015021B_S99_L999.bam
904,NGS2015042B,sorted_NGS2015042B_S99_L999.bam
905,NGS20140611G,sorted_NGS20140611G_S99_L999.bam
906,NGS1_20170512A,sorted_NGS1_20170512A_S22_S99_L999.bam
907,NGS20140606F,sorted_NGS20140606F_S99_L999.bam
908,NGS20150210D,sorted_NGS20150210D_S99_L999.bam
909,NGS20140704A,sorted_NGS20140704A_S99_L999.bam
910,NGS20140711E,sorted_NGS20140711E_S99_L999.bam
911,NGS20150310H,sorted_NGS20150310H_S99_L999.bam
912,NGS2_20150211D,sorted_NGS2_20150211D_S99_L999.bam
913,NGS2_20150103A,sorted_NGS2_20150103A_S99_L999.bam
914,NGS20140605G,sorted_NGS20140605G_S99_L999.bam
915,NGS2015035B,sorted_NGS2015035B_S99_L999.bam
916,NGS2_20150307A,sorted_NGS2_20150307A_S99_L999.bam
917,NGS2_20150205D,sorted_NGS2_20150205D_S99_L999.bam
918,NGS1_20170110E,sorted_NGS1_20170110E_S99_L999.bam
919,NGS1_20170312F,sorted_NGS1_20170312F_S99_L999.bam
920,NGS20140702H,sorted_NGS20140702H_S99_L999.bam
921,NGS2015017D,sorted_NGS2015017D_S99_L999.bam
922,NGS2015034H,sorted_NGS2015034H_S99_L999.bam
923,NGS2_20150106A,sorted_NGS2_20150106A_S99_L999.bam
924,NGS2_20150112G,sorted_NGS2_20150112G_S99_L999.bam
925,NGS2_20150205G,sorted_NGS2_20150205G_S99_L999.bam
926,NGS2_20150206G,sorted_NGS2_20150206G_S99_L999.bam
927,NGS2_20150305D,sorted_NGS2_20150305D_S99_L999.bam
928,NGS2_20150603D,sorted_NGS2_20150603D_S99_L999.bam
929,NGS20140610H,sorted_NGS20140610H_S99_L999.bam
930,NGS20140702A,sorted_NGS20140702A_S99_L999.bam
931,NGS20140704C,sorted_NGS20140704C_S99_L999.bam
932,NGS2_20150102H,sorted_NGS2_20150102H_S99_L999.bam
933,NGS2_20150209D,sorted_NGS2_20150209D_S99_L999.bam
934,NGS2_20150210D,sorted_NGS2_20150210D_S99_L999.bam
935,NGS2_20150301A,sorted_NGS2_20150301A_S99_L999.bam
936,NGS2_20150202C,sorted_NGS2_20150202C_S99_L999.bam
937,NGS2_20150203G,sorted_NGS2_20150203G_S99_L999.bam
938,NGS2_20150207E,sorted_NGS2_20150207E_S99_L999.bam
939,NGS2_20150304A,sorted_NGS2_20150304A_S99_L999.bam
940,NGS20140604G,sorted_NGS20140604G_S99_L999.bam
941,NGS20140605E,sorted_NGS20140605E_S99_L999.bam
942,NGS20140703A,sorted_NGS20140703A_S99_L999.bam
943,NGS20140703H,sorted_NGS20140703H_S99_L999.bam
944,NGS2015015G,sorted_NGS2015015G_S99_L999.bam
945,NGS2_20150208D,sorted_NGS2_20150208D_S99_L999.bam
946,NGS2_20150209H,sorted_NGS2_20150209H_S99_L999.bam
947,NGS2_20150212E,sorted_NGS2_20150212E_S99_L999.bam
948,NGS2_20150507G,sorted_NGS2_20150507G_S99_L999.bam
949,NGS1_20170105A,sorted_NGS1_20170105A_S99_L999.bam
950,NGS1_20170106C,sorted_NGS1_20170106C_S99_L999.bam
951,NGS20140701H,sorted_NGS20140701H_S99_L999.bam
952,NGS2015038E,sorted_NGS2015038E_S99_L999.bam
953,NGS2_20150103G,sorted_NGS2_20150103G_S99_L999.bam
954,NGS2_20150302A,sorted_NGS2_20150302A_S99_L999.bam
955,NGS2_20150401H,sorted_NGS2_20150401H_S99_L999.bam
956,NGS20140710B,sorted_NGS20140710B_S99_L999.bam
957,NGS2_20150307G,sorted_NGS2_20150307G_S99_L999.bam
958,NGS2_20150603C,sorted_NGS2_20150603C_S99_L999.bam
959,NGS2_20150312C,sorted_NGS2_20150312C_S99_L999.bam
960,NGS20140712E,sorted_NGS20140712E_S99_L999.bam
961,NGS20140706C,sorted_NGS20140706C_S99_L999.bam
962,NGS20140611H,sorted_NGS20140611H_S99_L999.bam
963,NGS20140602D,sorted_NGS20140602D_S99_L999.bam
964,NGS2015025H,sorted_NGS2015025H_S99_L999.bam
965,NGS20140602C,sorted_NGS20140602C_S99_L999.bam
966,NGS20140707C,sorted_NGS20140707C_S99_L999.bam
967,NGS20140801D,sorted_NGS20140801D_S99_L999.bam
968,NGS2015025D,sorted_NGS2015025D_S99_L999.bam
969,NGS20150311A,sorted_NGS20150311A_S99_L999.bam
970,NGS2015042D,sorted_NGS2015042D_S99_L999.bam
971,NGS1_20170602A,sorted_NGS1_20170602A_S23_S99_L999.bam
972,NGS20140601D,sorted_NGS20140601D_S99_L999.bam
973,NGS20140701D,sorted_NGS20140701D_S99_L999.bam
974,NGS20140702G,sorted_NGS20140702G_S99_L999.bam
975,NGS20140801F,sorted_NGS20140801F_S99_L999.bam
976,NGS20150111A,sorted_NGS20150111A_S99_L999.bam
977,NGS20150111H,sorted_NGS20150111H_S99_L999.bam
978,NGS2015014G,sorted_NGS2015014G_S99_L999.bam
979,NGS2015036A,sorted_NGS2015036A_S99_L999.bam
980,NGS2_20150503F,sorted_NGS2_20150503F_S99_L999.bam
981,NGS2015034F,sorted_NGS2015034F_S99_L999.bam
982,NGS2_20150306H,sorted_NGS2_20150306H_S99_L999.bam
983,NGS2_20150506F,sorted_NGS2_20150506F_S99_L999.bam
984,NGS20140706E,sorted_NGS20140706E_S99_L999.bam
985,NGS20140709H,sorted_NGS20140709H_S99_L999.bam
986,NGS1_20170101C,sorted_NGS1_20170101C_S99_L999.bam